iso_short,name,formal_name,short_name,abbrev,name_sort,un_ar,un_zh,un_en,un_fr,un_ru,un_es,adm0_a3,postal,iso_a2,iso_a3,iso_n3,un_n3,wb_a2,wb_a3,primary,type,sovereign,sov_a3,continent,un_region,un_subregion,wb_region
Afghanistan,Afghanistan,Islamic State of Afghanistan,Afghanistan,Afg.,Afghanistan,ناتسناغفأ,阿富汗,Afghanistan,Afghanistan (l') [masc.],Афганистан,Afganistán (el),AFG,AF,AF,AFG,4,4,AF,AFG,1,Sovereign country,Afghanistan,AFG,Asia,Asia,Southern Asia,South Asia
Åland Islands,Aland,Åland Islands,Aland,Aland,Aland,,,,,,,ALD,AI,AX,ALA,248,248,-99,-99,0,Dependency,Finland,FI1,Europe,Europe,Northern Europe,Europe & Central Asia
Albania,Albania,Republic of Albania,Albania,Alb.,Albania,اينابلأ,阿尔巴尼亚,Albania,Albanie (l') [fém.],Албания,Albania,ALB,AL,AL,ALB,8,8,AL,ALB,1,Sovereign country,Albania,ALB,Europe,Europe,Southern Europe,Europe & Central Asia
Algeria,Algeria,People's Democratic Republic of Algeria,Algeria,Alg.,Algeria,رئازجلا,阿尔及利亚,Algeria,Algérie (l') [fém.],Алжир,Argelia,DZA,DZ,DZ,DZA,12,12,DZ,DZA,1,Sovereign country,Algeria,DZA,Africa,Africa,Northern Africa,Middle East & North Africa
American Samoa,American Samoa,American Samoa,American Samoa,Am. Samoa,American Samoa,,,,,,,ASM,AS,AS,ASM,16,16,AS,ASM,0,Dependency,United States of America,US1,Oceania,Oceania,Polynesia,East Asia & Pacific
Andorra,Andorra,Principality of Andorra,Andorra,And.,Andorra,ارودنأ,安道尔,Andorra,Andorre (l') [fém.],Андорра,Andorra,AND,AND,AD,AND,20,20,AD,ADO,1,Sovereign country,Andorra,AND,Europe,Europe,Southern Europe,Europe & Central Asia
Angola,Angola,People's Republic of Angola,Angola,Ang.,Angola,الوغنأ,安哥拉,Angola,Angola (l') [masc.],Ангола,Angola,AGO,AO,AO,AGO,24,24,AO,AGO,1,Sovereign country,Angola,AGO,Africa,Africa,Middle Africa,Sub-Saharan Africa
Anguilla,Anguilla, ,Anguilla,Ang.,Anguilla,,,,,,,AIA,AI,AI,AIA,660,660,-99,-99,0,Dependency,United Kingdom,GB1,North America,Americas,Caribbean,Latin America & Caribbean
Antarctica,Antarctica, ,Antarctica,Ant.,Antarctica,,,,,,,ATA,AQ,AQ,ATA,10,-99,-99,-99,0,Indeterminate,Antarctica,ATA,Antarctica,Antarctica,Antarctica,Antarctica
Antigua and Barbuda,Antigua and Barbuda,Antigua and Barbuda,Antigua and Barb.,Ant.B.,Antigua and Barbuda,ادوبربو اوغيتنأ,安提瓜和巴布达,Antigua and Barbuda,Antigua-et-Barbuda [fém.],Антигуа и Барбуда,Antigua y Barbuda,ATG,AG,AG,ATG,28,28,AG,ATG,1,Sovereign country,Antigua and Barbuda,ATG,North America,Americas,Caribbean,Latin America & Caribbean
Argentina,Argentina,Argentine Republic,Argentina,Arg.,Argentina,نيتنجرألا,阿根廷,Argentina,Argentine,Аргентина,Argentina (la),ARG,AR,AR,ARG,32,32,AR,ARG,1,Sovereign country,Argentina,ARG,South America,Americas,South America,Latin America & Caribbean
Armenia,Armenia,Republic of Armenia,Armenia,Arm.,Armenia,اينيمرأ,亚美尼亚,Armenia,Arménie (l') [fém.],Армения,Armenia,ARM,ARM,AM,ARM,51,51,AM,ARM,1,Sovereign country,Armenia,ARM,Asia,Asia,Western Asia,Europe & Central Asia
Aruba,Aruba,Aruba,Aruba,Aruba,Aruba,,,,,,,ABW,AW,AW,ABW,533,533,AW,ABW,0,Country,Netherlands,NL1,North America,Americas,Caribbean,Latin America & Caribbean
Australia,Australia,Commonwealth of Australia,Australia,Auz.,Australia,ايلارتسأ,澳大利亚,Australia,Australie (l') [fém.],Австралия,Australia,AUS,AU,AU,AUS,36,36,AU,AUS,1,Sovereign country,Australia,AU1,Oceania,Oceania,Australia and New Zealand,East Asia & Pacific
Austria,Austria,Republic of Austria,Austria,Aust.,Austria,اسمنلا,奥地利,Austria,Autriche (l') [fém.],Австрия,Austria,AUT,A,AT,AUT,40,40,AT,AUT,1,Sovereign country,Austria,AUT,Europe,Europe,Western Europe,Europe & Central Asia
Azerbaijan,Azerbaijan,Republic of Azerbaijan,Azerbaijan,Aze.,Azerbaijan,ناجيبرذأ,阿塞拜疆,Azerbaijan,Azerbaïdjan (l') [masc.],Азербайджан,Azerbaiyán,AZE,AZ,AZ,AZE,31,31,AZ,AZE,1,Sovereign country,Azerbaijan,AZE,Asia,Asia,Western Asia,Europe & Central Asia
Bahamas (the),The Bahamas,Commonwealth of the Bahamas,Bahamas,Bhs.,"Bahamas, The",اماهبلا رزج,巴哈马,Bahamas (the),Bahamas (les) [fém.],Багамские Острова,Bahamas (las),BHS,BS,BS,BHS,44,44,BS,BHS,1,Sovereign country,The Bahamas,BHS,North America,Americas,Caribbean,Latin America & Caribbean
Bahrain,Bahrain,Kingdom of Bahrain,Bahrain,Bahr.,Bahrain,نيرحبلا,巴林,Bahrain,Bahreïn [masc.],Бахрейн,Bahrein,BHR,BH,BH,BHR,48,48,BH,BHR,1,Sovereign country,Bahrain,BHR,Asia,Asia,Western Asia,Middle East & North Africa
Bangladesh,Bangladesh,People's Republic of Bangladesh,Bangladesh,Bang.,Bangladesh,شيدالغنب,孟加拉国,Bangladesh,Bangladesh (le),Бангладеш,Bangladesh,BGD,BD,BD,BGD,50,50,BD,BGD,1,Sovereign country,Bangladesh,BGD,Asia,Asia,Southern Asia,South Asia
Barbados,Barbados,Barbados,Barbados,Barb.,Barbados,سودابرب,巴巴多斯,Barbados,Barbade (la),Барбадос,Barbados,BRB,BB,BB,BRB,52,52,BB,BRB,1,Sovereign country,Barbados,BRB,North America,Americas,Caribbean,Latin America & Caribbean
Belarus,Belarus,Republic of Belarus,Belarus,Bela.,Belarus,سوراليب,白俄罗斯,Belarus,Bélarus (le),Беларусь,Belarús,BLR,BY,BY,BLR,112,112,BY,BLR,1,Sovereign country,Belarus,BLR,Europe,Europe,Eastern Europe,Europe & Central Asia
Belgium,Belgium,Kingdom of Belgium,Belgium,Belg.,Belgium,اكيجلب,比利时,Belgium,Belgique (la),Бельгия,Bélgica,BEL,B,BE,BEL,56,56,BE,BEL,1,Sovereign country,Belgium,BEL,Europe,Europe,Western Europe,Europe & Central Asia
Belize,Belize,Belize,Belize,Belize,Belize,زيلب,伯利兹,Belize,Belize (le),Белиз,Belice,BLZ,BZ,BZ,BLZ,84,84,BZ,BLZ,1,Sovereign country,Belize,BLZ,North America,Americas,Central America,Latin America & Caribbean
Benin,Benin,Republic of Benin,Benin,Benin,Benin,ننب,贝宁,Benin,Bénin (le),Бенин,Benin,BEN,BJ,BJ,BEN,204,204,BJ,BEN,1,Sovereign country,Benin,BEN,Africa,Africa,Western Africa,Sub-Saharan Africa
Bermuda,Bermuda,The Bermudas or Somers Isles,Bermuda,Berm.,Bermuda,,,,,,,BMU,BM,BM,BMU,60,60,BM,BMU,0,Dependency,United Kingdom,GB1,North America,Americas,Northern America,North America
Bhutan,Bhutan,Kingdom of Bhutan,Bhutan,Bhutan,Bhutan,ناتوب,不丹,Bhutan,Bhoutan (le),Бутан,Bhután,BTN,BT,BT,BTN,64,64,BT,BTN,1,Sovereign country,Bhutan,BTN,Asia,Asia,Southern Asia,South Asia
"Bolivia, Plurinational State of",Bolivia,Plurinational State of Bolivia,Bolivia,Bolivia,Bolivia,تايموقلا ةددعتملا - ةلود) ايفيلوب),玻利维亚（多民族国）,Bolivia (Plurinational State of),Bolivie (État plurinational de),Боливия (Многонациональное Государство),Bolivia (Estado Plurinacional de),BOL,BO,BO,BOL,68,68,BO,BOL,1,Sovereign country,Bolivia,BOL,South America,Americas,South America,Latin America & Caribbean
Bosnia and Herzegovina,Bosnia and Herzegovina,Bosnia and Herzegovina,Bosnia and Herz.,B.H.,Bosnia and Herzegovina,كسرهلاو ةنسوبلا,波斯尼亚和黑塞哥维那,Bosnia and Herzegovina,Bosnie-Herzégovine (la),Босния и Герцеговина,Bosnia y Herzegovina,BIH,BiH,BA,BIH,70,70,BA,BIH,1,Sovereign country,Bosnia and Herzegovina,BIH,Europe,Europe,Southern Europe,Europe & Central Asia
Botswana,Botswana,Republic of Botswana,Botswana,Bwa.,Botswana,اناوستوب,博茨瓦纳,Botswana,Botswana (le),Ботсвана,Botswana,BWA,BW,BW,BWA,72,72,BW,BWA,1,Sovereign country,Botswana,BWA,Africa,Africa,Southern Africa,Sub-Saharan Africa
Brazil,Brazil,Federative Republic of Brazil,Brazil,Brazil,Brazil,ليزاربلا,巴西,Brazil,Brésil (le),Бразилия,Brasil (el),BRA,BR,BR,BRA,76,76,BR,BRA,1,Sovereign country,Brazil,BRA,South America,Americas,South America,Latin America & Caribbean
British Indian Ocean Territory (the),British Indian Ocean Territory, ,Br. Indian Ocean Ter.,I.O.T.,British Indian Ocean Territory,,,,,,,IOT,IO,IO,IOT,86,-99,-99,-99,0,Dependency,United Kingdom,GB1,Seven seas (open ocean),Seven seas (open ocean),Seven seas (open ocean),Sub-Saharan Africa
Brunei Darussalam,Brunei,Negara Brunei Darussalam,Brunei,Brunei,Brunei,مالسلا راد ينورب,文莱达鲁萨兰国,Brunei Darussalam,Brunéi Darussalam (le),Бруней-Даруссалам,Brunei Darussalam,BRN,BN,BN,BRN,96,96,BN,BRN,1,Sovereign country,Brunei,BRN,Asia,Asia,South-Eastern Asia,East Asia & Pacific
Bulgaria,Bulgaria,Republic of Bulgaria,Bulgaria,Bulg.,Bulgaria,ايراغلب,保加利亚,Bulgaria,Bulgarie (la),Болгария,Bulgaria,BGR,BG,BG,BGR,100,100,BG,BGR,1,Sovereign country,Bulgaria,BGR,Europe,Europe,Eastern Europe,Europe & Central Asia
Burkina Faso,Burkina Faso,Burkina Faso,Burkina Faso,B.F.,Burkina Faso,وساف انيكروب,布基纳法索,Burkina Faso,Burkina (le),Буркина-Фасо,Burkina Faso,BFA,BF,BF,BFA,854,854,BF,BFA,1,Sovereign country,Burkina Faso,BFA,Africa,Africa,Western Africa,Sub-Saharan Africa
Burundi,Burundi,Republic of Burundi,Burundi,Bur.,Burundi,يدنوروب,布隆迪,Burundi,Burundi (le),Бурунди,Burundi,BDI,BI,BI,BDI,108,108,BI,BDI,1,Sovereign country,Burundi,BDI,Africa,Africa,Eastern Africa,Sub-Saharan Africa
Cambodia,Cambodia,Kingdom of Cambodia,Cambodia,Camb.,Cambodia,ايدوبمك,柬埔寨,Cambodia,Cambodge (le),Камбоджа,Camboya,KHM,KH,KH,KHM,116,116,KH,KHM,1,Sovereign country,Cambodia,KHM,Asia,Asia,South-Eastern Asia,East Asia & Pacific
Cameroon,Cameroon,Republic of Cameroon,Cameroon,Cam.,Cameroon,نوريماكلا,喀麦隆,Cameroon,Camerooun (le),Камерун,Camerún (el),CMR,CM,CM,CMR,120,120,CM,CMR,1,Sovereign country,Cameroon,CMR,Africa,Africa,Middle Africa,Sub-Saharan Africa
Canada,Canada,Canada,Canada,Can.,Canada,ادنك,加拿大,Canada,Canada (le),Канада,Canadá (el),CAN,CA,CA,CAN,124,124,CA,CAN,1,Sovereign country,Canada,CAN,North America,Americas,Northern America,North America
Cape Verde,Cape Verde,Republic of Cape Verde,Cape Verde,C.Vd.,Cape Verde,رضخألا سأرلا,佛得角,Cabo Verde,Cabo Verde,Кабо-Верде,Cabo Verde,CPV,CV,CV,CPV,132,132,CV,CPV,1,Sovereign country,Cape Verde,CPV,Africa,Africa,Western Africa,Sub-Saharan Africa
Cayman Islands (the),Cayman Islands,Cayman Islands,Cayman Is.,Cym. Is.,Cayman Islands,,,,,,,CYM,KY,KY,CYM,136,136,KY,CYM,0,Dependency,United Kingdom,GB1,North America,Americas,Caribbean,Latin America & Caribbean
Central African Republic (the),Central African Republic,Central African Republic,Central African Rep.,C.A.R.,Central African Republic,ىطسولا ايقيرفأ ةيروهمج,中非共和国,Central African Republic (the),République centrafricaine (la),Центральноафриканская Республика,República Centroafricana (la),CAF,CF,CF,CAF,140,140,CF,CAF,1,Sovereign country,Central African Republic,CAF,Africa,Africa,Middle Africa,Sub-Saharan Africa
Chad,Chad,Republic of Chad,Chad,Chad,Chad,داشت,乍得,Chad,Tchad (le),Чад,Chad (el),TCD,TD,TD,TCD,148,148,TD,TCD,1,Sovereign country,Chad,TCD,Africa,Africa,Middle Africa,Sub-Saharan Africa
Chile,Chile,Republic of Chile,Chile,Chile,Chile,يليش,智利,Chile,Chili (le),Чили,Chile,CHL,CL,CL,CHL,152,152,CL,CHL,1,Sovereign country,Chile,CHL,South America,Americas,South America,Latin America & Caribbean
China,China,People's Republic of China,China,China,China,نيصلا,中国,China,Chine (la),Китай,China,CHN,CN,CN,CHN,156,156,CN,CHN,1,Sovereign country,China,CH1,Asia,Asia,Eastern Asia,East Asia & Pacific
Colombia,Colombia,Republic of Colombia,Colombia,Col.,Colombia,ايبمولوك,哥伦比亚,Colombia,Colombie (la),Колумбия,Colombia,COL,CO,CO,COL,170,170,CO,COL,1,Sovereign country,Colombia,COL,South America,Americas,South America,Latin America & Caribbean
Comoros,Comoros,Union of the Comoros,Comoros,Com.,Comoros,رمقلا رزج,科摩罗,Comoros (the),Comores (les),Коморские Острова,Comoras (las),COM,KM,KM,COM,174,174,KM,COM,1,Sovereign country,Comoros,COM,Africa,Africa,Eastern Africa,Sub-Saharan Africa
Congo,Republic of Congo,Republic of Congo,Congo,Rep. Congo,"Congo, Rep.",وغنوكلا,刚果,Congo (the),Congo (le),Конго,Congo (el),COG,CG,CG,COG,178,178,CG,COG,1,Sovereign country,Republic of Congo,COG,Africa,Africa,Middle Africa,Sub-Saharan Africa
Congo (the Democratic Republic of the),Democratic Republic of the Congo,Democratic Republic of the Congo,Dem. Rep. Congo,D.R.C.,"Congo, Dem. Rep.",ةيطارقميدلا وغنوكلا ةيروهمج,刚果民主共和国,Democratic Republic of the Congo (the),République démocratique du Congo (la),Демократическая Республика Конго,República Democrática del Congo (la),COD,DRC,CD,COD,180,180,ZR,ZAR,1,Sovereign country,Democratic Republic of the Congo,COD,Africa,Africa,Middle Africa,Sub-Saharan Africa
Cook Islands (the),Cook Islands, ,Cook Is.,Cook Is.,Cook Islands,,,,,,,COK,CK,CK,COK,184,184,-99,-99,0,Sovereign country,New Zealand,NZ1,Oceania,Oceania,Polynesia,East Asia & Pacific
Costa Rica,Costa Rica,Republic of Costa Rica,Costa Rica,C.R.,Costa Rica,اكيراتسوك,哥斯达黎加,Costa Rica,Costa Rica (le),Коста-Рика,Costa Rica,CRI,CR,CR,CRI,188,188,CR,CRI,1,Sovereign country,Costa Rica,CRI,North America,Americas,Central America,Latin America & Caribbean
Côte d'Ivoire,Ivory Coast,Republic of Ivory Coast,Côte d'Ivoire,I.C.,Côte d'Ivoire,راوفيد توك,科特迪瓦,Côte d'Ivoire,Côte d’Ivoire (la),Кот-д'Ивуар,Côte d'Ivoire,CIV,CI,CI,CIV,384,384,CI,CIV,1,Sovereign country,Ivory Coast,CIV,Africa,Africa,Western Africa,Sub-Saharan Africa
Croatia,Croatia,Republic of Croatia,Croatia,Cro.,Croatia,ايتاورك,克罗地亚,Croatia,Croatie (la),Хорватия,Croacia,HRV,HR,HR,HRV,191,191,HR,HRV,1,Sovereign country,Croatia,HRV,Europe,Europe,Southern Europe,Europe & Central Asia
Cuba,Cuba,Republic of Cuba,Cuba,Cuba,Cuba,ابوك,古巴,Cuba,Cuba [fém.],Куба,Cuba,CUB,CU,CU,CUB,192,192,CU,CUB,1,Sovereign country,Cuba,CUB,North America,Americas,Caribbean,Latin America & Caribbean
Curaçao,Curaçao,Curaçao,Curaçao,Cur.,Curaçao,,,,,,,CUW,CW,CW,CUW,531,531,CW,CUW,0,Country,Netherlands,NL1,North America,Americas,Caribbean,Latin America & Caribbean
Cyprus,Cyprus,Republic of Cyprus,Cyprus,Cyp.,Cyprus,صربق,塞浦路斯,Cyprus,Chypre [fém.],Кипр,Chipre,CYP,CY,CY,CYP,196,196,CY,CYP,1,Sovereign country,Cyprus,CYP,Asia,Asia,Western Asia,Europe & Central Asia
Czech Republic (the),Czech Republic,Czech Republic,Czech Rep.,Cz. Rep.,Czech Republic,ةيكيشتلا ةيروهمجلا,捷克共和国,Czech Republic (the),République tchèque (la),Чешская Республика,República Checa (la),CZE,CZ,CZ,CZE,203,203,CZ,CZE,1,Sovereign country,Czech Republic,CZE,Europe,Europe,Eastern Europe,Europe & Central Asia
Denmark,Denmark,Kingdom of Denmark,Denmark,Den.,Denmark,كرمنادلا,丹麦,Denmark,Danemark (le),Дания,Dinamarca,DNK,DK,DK,DNK,208,208,DK,DNK,1,Sovereign country,Denmark,DN1,Europe,Europe,Northern Europe,Europe & Central Asia
Djibouti,Djibouti,Republic of Djibouti,Djibouti,Dji.,Djibouti,يتوبيج,吉布提,Djibouti,Djibouti (masc.),Джибути,Djibouti,DJI,DJ,DJ,DJI,262,262,DJ,DJI,1,Sovereign country,Djibouti,DJI,Africa,Africa,Eastern Africa,Middle East & North Africa
Dominica,Dominica,Commonwealth of Dominica,Dominica,D'inca,Dominica,اكينيمود,多米尼克,Dominica,Dominique (la),Доминика,Dominica,DMA,DM,DM,DMA,212,212,DM,DMA,1,Sovereign country,Dominica,DMA,North America,Americas,Caribbean,Latin America & Caribbean
Dominican Republic (the),Dominican Republic,Dominican Republic,Dominican Rep.,Dom. Rep.,Dominican Republic,ةيكينيمودلا ةيروهمجلا,多米尼加,Dominican Republic (the),République dominicaine (la),Доминиканская Республика,Dominicana (la),DOM,DO,DO,DOM,214,214,DO,DOM,1,Sovereign country,Dominican Republic,DOM,North America,Americas,Caribbean,Latin America & Caribbean
Ecuador,Ecuador,Republic of Ecuador,Ecuador,Ecu.,Ecuador,روداوكإ,厄瓜多尔,Ecuador,Équateur (l') [masc.],Эквадор,Ecuador (el),ECU,EC,EC,ECU,218,218,EC,ECU,1,Sovereign country,Ecuador,ECU,South America,Americas,South America,Latin America & Caribbean
Egypt,Egypt,Arab Republic of Egypt,Egypt,Egypt,"Egypt, Arab Rep.",رصم,埃及,Egypt,Égypte (l') [fém.],Египет,Egipto,EGY,EG,EG,EGY,818,818,EG,EGY,1,Sovereign country,Egypt,EGY,Africa,Africa,Northern Africa,Middle East & North Africa
El Salvador,El Salvador,Republic of El Salvador,El Salvador,El. S.,El Salvador,رودافلسلا,萨尔瓦多,El Salvador,El Salvador [masc.],Сальвадор,El Salvador,SLV,SV,SV,SLV,222,222,SV,SLV,1,Sovereign country,El Salvador,SLV,North America,Americas,Central America,Latin America & Caribbean
Equatorial Guinea,Equatorial Guinea,Republic of Equatorial Guinea,Eq. Guinea,Eq. G.,Equatorial Guinea,ةيئاوتسالا اينيغ,赤道几内亚,Equatorial Guinea,Guinée équatoriale (la),Экваториальная Гвинея,Guinea Ecuatorial (la),GNQ,GQ,GQ,GNQ,226,226,GQ,GNQ,1,Sovereign country,Equatorial Guinea,GNQ,Africa,Africa,Middle Africa,Sub-Saharan Africa
Eritrea,Eritrea,State of Eritrea,Eritrea,Erit.,Eritrea,ايرتيرإ,厄立特里亚,Eritrea,Érythrée (l') [fém.],Эритрея,Eritrea,ERI,ER,ER,ERI,232,232,ER,ERI,1,Sovereign country,Eritrea,ERI,Africa,Africa,Eastern Africa,Sub-Saharan Africa
Estonia,Estonia,Republic of Estonia,Estonia,Est.,Estonia,اينوتسإ,爱沙尼亚,Estonia,Estonie (l') [fém.],Эстония,Estonia,EST,EST,EE,EST,233,233,EE,EST,1,Sovereign country,Estonia,EST,Europe,Europe,Northern Europe,Europe & Central Asia
Ethiopia,Ethiopia,Federal Democratic Republic of Ethiopia,Ethiopia,Eth.,Ethiopia,ايبويثإ,埃塞俄比亚,Ethiopia,Éthiopie (l') [fém.],Эфиопия,Etiopía,ETH,ET,ET,ETH,231,231,ET,ETH,1,Sovereign country,Ethiopia,ETH,Africa,Africa,Eastern Africa,Sub-Saharan Africa
Falkland Islands (the) [Malvinas],Falkland Islands,Falkland Islands,Falkland Is.,Flk. Is.,Falkland Islands,,,,,,,FLK,FK,FK,FLK,238,238,-99,-99,0,Dependency,United Kingdom,GB1,South America,Americas,South America,Latin America & Caribbean
Faroe Islands (the),Faroe Islands,Føroyar Is. (Faeroe Is.),Faeroe Is.,Faeroe Is.,Faeroe Islands,,,,,,,FRO,FO,FO,FRO,234,234,FO,FRO,0,Country,Denmark,DN1,Europe,Europe,Northern Europe,Europe & Central Asia
Fiji,Fiji,Republic of Fiji,Fiji,Fiji,Fiji,يجيف,斐济,Fiji,Fidji (les) [fém.],Фиджи,Fiji,FJI,FJ,FJ,FJI,242,242,FJ,FJI,1,Sovereign country,Fiji,FJI,Oceania,Oceania,Melanesia,East Asia & Pacific
Finland,Finland,Republic of Finland,Finland,Fin.,Finland,ادنلنف,芬兰,Finland,Finlande (la),Финляндия,Finlandia,FIN,FIN,FI,FIN,246,246,FI,FIN,1,Sovereign country,Finland,FI1,Europe,Europe,Northern Europe,Europe & Central Asia
France,France,French Republic,France,Fr.,France,اسنرف,法国,France,France (la),Франция,Francia,FRA,F,FR,FRA,250,250,FR,FRA,1,Sovereign country,France,FR1,Europe,Europe,Western Europe,Europe & Central Asia
French Polynesia,French Polynesia,French Polynesia,Fr. Polynesia,Fr. Poly.,French Polynesia,,,,,,,PYF,PF,PF,PYF,258,258,PF,PYF,0,Dependency,France,FR1,Oceania,Oceania,Polynesia,East Asia & Pacific
French Southern Territories (the),French Southern and Antarctic Lands,Territory of the French Southern and Antarctic Lands,Fr. S. Antarctic Lands,Fr. S.A.L.,French Southern and Antarctic Lands,,,,,,,ATF,TF,TF,ATF,260,-99,-99,-99,0,Dependency,France,FR1,Seven seas (open ocean),Seven seas (open ocean),Seven seas (open ocean),Sub-Saharan Africa
Gabon,Gabon,Gabonese Republic,Gabon,Gabon,Gabon,نوباغ,加蓬,Gabon,Gabon (le),Габон,Gabón (el),GAB,GA,GA,GAB,266,266,GA,GAB,1,Sovereign country,Gabon,GAB,Africa,Africa,Middle Africa,Sub-Saharan Africa
Gambia (The),Gambia,Republic of the Gambia,Gambia,Gambia,"Gambia, The",ايبماغ,冈比亚,Gambia (the),Gambie (la),Гамбия,Gambia,GMB,GM,GM,GMB,270,270,GM,GMB,1,Sovereign country,Gambia,GMB,Africa,Africa,Western Africa,Sub-Saharan Africa
Georgia,Georgia,Georgia,Georgia,Geo.,Georgia,ايجروج,格鲁吉亚,Georgia,Géorgie (la),Грузия,Georgia,GEO,GE,GE,GEO,268,268,GE,GEO,1,Sovereign country,Georgia,GEO,Asia,Asia,Western Asia,Europe & Central Asia
Germany,Germany,Federal Republic of Germany,Germany,Ger.,Germany,ايناملأ,德国,Germany,Allemagne (l') [fém.],Германия,Alemania,DEU,D,DE,DEU,276,276,DE,DEU,1,Sovereign country,Germany,DEU,Europe,Europe,Western Europe,Europe & Central Asia
Ghana,Ghana,Republic of Ghana,Ghana,Ghana,Ghana,اناغ,加纳,Ghana,Ghana (le),Гана,Ghana,GHA,GH,GH,GHA,288,288,GH,GHA,1,Sovereign country,Ghana,GHA,Africa,Africa,Western Africa,Sub-Saharan Africa
Gibraltar,Gibraltar, ,Gibraltar,Gib.,Gibraltar,,,,,,,GIB,GI,GI,GIB,292,292,-99,-99,0,Dependency,United Kingdom,GB1,Europe,Europe,Southern Europe,Europe & Central Asia
Greece,Greece,Hellenic Republic,Greece,Greece,Greece,نانويلا,希腊,Greece,Grèce (la),Греция,Grecia,GRC,GR,GR,GRC,300,300,GR,GRC,1,Sovereign country,Greece,GRC,Europe,Europe,Southern Europe,Europe & Central Asia
Greenland,Greenland,Greenland,Greenland,Grlnd.,Greenland,,,,,,,GRL,GL,GL,GRL,304,304,GL,GRL,0,Country,Denmark,DN1,North America,Americas,Northern America,Europe & Central Asia
Grenada,Grenada,Grenada,Grenada,Gren.,Grenada,ادانيرغ,格林纳达,Grenada,Grenade (la),Гренада,Granada,GRD,GD,GD,GRD,308,308,GD,GRD,1,Sovereign country,Grenada,GRD,North America,Americas,Caribbean,Latin America & Caribbean
Guam,Guam,Territory of Guam,Guam,Guam,Guam,,,,,,,GUM,GU,GU,GUM,316,316,GU,GUM,0,Dependency,United States of America,US1,Oceania,Oceania,Micronesia,East Asia & Pacific
Guatemala,Guatemala,Republic of Guatemala,Guatemala,Guat.,Guatemala,الاميتاوغ,危地马拉,Guatemala,Guatemala (le),Гватемала,Guatemala,GTM,GT,GT,GTM,320,320,GT,GTM,1,Sovereign country,Guatemala,GTM,North America,Americas,Central America,Latin America & Caribbean
Guernsey,Guernsey,Bailiwick of Guernsey,Guernsey,Guern.,Guernsey,,,,,,,GGY,GG,GG,GGY,831,831,JG,CHI,0,Crown dependency,United Kingdom,GB1,Europe,Europe,Northern Europe,Europe & Central Asia
Guinea,Guinea,Republic of Guinea,Guinea,Gin.,Guinea,اينيغ,几内亚,Guinea,Guinée (la),Гвинея,Guinea,GIN,GN,GN,GIN,324,324,GN,GIN,1,Sovereign country,Guinea,GIN,Africa,Africa,Western Africa,Sub-Saharan Africa
Guinea-Bissau,Guinea Bissau,Republic of Guinea-Bissau,Guinea-Bissau,GnB.,Guinea-Bissau,واسيب - اينيغ,几内亚比绍,Guinea-Bissau,Guinée-Bissau (la),Гвинея-Бисау,Guinea-Bissau,GNB,GW,GW,GNB,624,624,GW,GNB,1,Sovereign country,Guinea Bissau,GNB,Africa,Africa,Western Africa,Sub-Saharan Africa
Guyana,Guyana,Co-operative Republic of Guyana,Guyana,Guy.,Guyana,انايغ,圭亚那,Guyana,Guyana (le),Гайана,Guyana,GUY,GY,GY,GUY,328,328,GY,GUY,1,Sovereign country,Guyana,GUY,South America,Americas,South America,Latin America & Caribbean
Haiti,Haiti,Republic of Haiti,Haiti,Haiti,Haiti,يتياه,海地,Haiti,Haïti [masc.],Гаити,Haití,HTI,HT,HT,HTI,332,332,HT,HTI,1,Sovereign country,Haiti,HTI,North America,Americas,Caribbean,Latin America & Caribbean
Heard Island and McDonald Islands,Heard Island and McDonald Islands,Territory of Heard Island and McDonald Islands,Heard I. and McDonald Is.,H.M.Is.,Heard Island and McDonald Islands,,,,,,,HMD,HM,HM,HMD,334,-99,-99,-99,0,Dependency,Australia,AU1,Seven seas (open ocean),Seven seas (open ocean),Seven seas (open ocean),Sub-Saharan Africa
Holy See (the) [Vatican City State],Vatican,State of the Vatican City,Vatican,Vat.,Vatican (Holy Sea),,,,,,,VAT,V,VA,VAT,336,336,-99,-99,1,Sovereign country,Vatican,VAT,Europe,Europe,Southern Europe,Europe & Central Asia
Honduras,Honduras,Republic of Honduras,Honduras,Hond.,Honduras,سارودنه,洪都拉斯,Honduras,Honduras (le),Гондурас,Honduras,HND,HN,HN,HND,340,340,HN,HND,1,Sovereign country,Honduras,HND,North America,Americas,Central America,Latin America & Caribbean
Hong Kong,Hong Kong,"Hong Kong Special Administrative Region, PRC",Hong Kong,H.K.,"Hong Kong SAR, China",,,,,,,HKG,HK,HK,HKG,344,344,HK,HKG,0,China SAR,China,CH1,Asia,Asia,Eastern Asia,East Asia & Pacific
Hungary,Hungary,Republic of Hungary,Hungary,Hun.,Hungary,ايراغنه,匈牙利,Hungary,Hongrie (la),Венгрия,Hungría,HUN,HU,HU,HUN,348,348,HU,HUN,1,Sovereign country,Hungary,HUN,Europe,Europe,Eastern Europe,Europe & Central Asia
Iceland,Iceland,Republic of Iceland,Iceland,Iceland,Iceland,ادنلسيآ,冰岛,Iceland,Islande (l') [fém.],Исландия,Islandia,ISL,IS,IS,ISL,352,352,IS,ISL,1,Sovereign country,Iceland,ISL,Europe,Europe,Northern Europe,Europe & Central Asia
India,India,Republic of India,India,India,India,دنهلا,印度,India,Inde (l') [fém.],Индия,India (la),IND,IND,IN,IND,356,356,IN,IND,1,Sovereign country,India,IND,Asia,Asia,Southern Asia,South Asia
Indonesia,Indonesia,Republic of Indonesia,Indonesia,Indo.,Indonesia,ايسينودنإ,印度尼西亚,Indonesia,Indonésie (l') [fém.],Индонезия,Indonesia,IDN,INDO,ID,IDN,360,360,ID,IDN,1,Sovereign country,Indonesia,IDN,Asia,Asia,South-Eastern Asia,East Asia & Pacific
Iran (the Islamic Republic of),Iran,Islamic Republic of Iran,Iran,Iran,"Iran, Islamic Rep.",)ةيمالسإلا - ةيروهمج( ناريإ,伊朗（伊斯兰共和国）,Iran (Islamic Republic of),Iran (République islamique d'),Иран (Исламская Республика),Irán (República Islámica del),IRN,IRN,IR,IRN,364,364,IR,IRN,1,Sovereign country,Iran,IRN,Asia,Asia,Southern Asia,Middle East & North Africa
Iraq,Iraq,Republic of Iraq,Iraq,Iraq,Iraq,قارعلا,伊拉克,Iraq,Iraq (l') [masc.],Ирак,Iraq (el),IRQ,IRQ,IQ,IRQ,368,368,IQ,IRQ,1,Sovereign country,Iraq,IRQ,Asia,Asia,Western Asia,Middle East & North Africa
Ireland,Ireland,Ireland,Ireland,Ire.,Ireland,ادنلريآ,爱尔兰,Ireland,Irlande (l') [fém.],Ирландия,Irlanda,IRL,IRL,IE,IRL,372,372,IE,IRL,1,Sovereign country,Ireland,IRL,Europe,Europe,Northern Europe,Europe & Central Asia
Isle of Man,Isle of Man, ,Isle of Man,IoMan,Isle of Man,,,,,,,IMN,IM,IM,IMN,833,833,IM,IMY,0,Crown dependency,United Kingdom,GB1,Europe,Europe,Northern Europe,Europe & Central Asia
Israel,Israel,State of Israel,Israel,Isr.,Israel,ليئارسإ,以色列,Israel,Israël [masc.],Израиль,Israel,ISR,IS,IL,ISR,376,376,IL,ISR,1,Sovereign country,Israel,ISR,Asia,Asia,Western Asia,Middle East & North Africa
Italy,Italy,Italian Republic,Italy,Italy,Italy,ايلاطيإ,意大利,Italy,Italie (l') [fém.],Италия,Italia,ITA,I,IT,ITA,380,380,IT,ITA,1,Sovereign country,Italy,ITA,Europe,Europe,Southern Europe,Europe & Central Asia
Jamaica,Jamaica,Jamaica,Jamaica,Jam.,Jamaica,اكياماج,牙买加,Jamaica,Jamaïque (la),Ямайка,Jamaica,JAM,J,JM,JAM,388,388,JM,JAM,1,Sovereign country,Jamaica,JAM,North America,Americas,Caribbean,Latin America & Caribbean
Japan,Japan,Japan,Japan,Japan,Japan,نابايلا,日本,Japan,Japon (le),Япония,Japón (el),JPN,J,JP,JPN,392,392,JP,JPN,1,Sovereign country,Japan,JPN,Asia,Asia,Eastern Asia,East Asia & Pacific
Jersey,Jersey,Bailiwick of Jersey,Jersey,Jey.,Jersey,,,,,,,JEY,JE,JE,JEY,832,832,JG,CHI,0,Crown dependency,United Kingdom,GB1,Europe,Europe,Northern Europe,Europe & Central Asia
Jordan,Jordan,Hashemite Kingdom of Jordan,Jordan,Jord.,Jordan,ندرألا,约旦,Jordan,Jordanie (la),Иордания,Jordania,JOR,J,JO,JOR,400,400,JO,JOR,1,Sovereign country,Jordan,JOR,Asia,Asia,Western Asia,Middle East & North Africa
Kazakhstan,Kazakhstan,Republic of Kazakhstan,Kazakhstan,Kaz.,Kazakhstan,ناتسخازاك,哈萨克斯坦,Kazakhstan,Kazakhstan (le),Казахстан,Kazajstán,KAZ,KZ,KZ,KAZ,398,398,KZ,KAZ,1,Sovereign country,Kazakhstan,KAZ,Asia,Asia,Central Asia,Europe & Central Asia
Kenya,Kenya,Republic of Kenya,Kenya,Ken.,Kenya,اينيك,肯尼亚,Kenya,Kenya (le),Кения,Kenya,KEN,KE,KE,KEN,404,404,KE,KEN,1,Sovereign country,Kenya,KEN,Africa,Africa,Eastern Africa,Sub-Saharan Africa
Kiribati,Kiribati,Republic of Kiribati,Kiribati,Kir.,Kiribati,سابيريك,基里巴斯,Kiribati,Kiribati [fém.],Кирибати,Kiribati,KIR,KI,KI,KIR,296,296,KI,KIR,1,Sovereign country,Kiribati,KIR,Oceania,Oceania,Micronesia,East Asia & Pacific
Korea (the Democratic People's Republic of),North Korea,Democratic People's Republic of Korea,Dem. Rep. Korea,N.K.,"Korea, Dem. Rep.",ةيطارقميدلا ةيبعشلا ايروك ةيروهمج,朝鲜民主主义人民共和国,Democratic People's Republic of Korea (the),République populaire démocratique de Corée (la),Корейская Народно-Демократическая Республика,República Popular Democrática de Corea (la),PRK,KP,KP,PRK,408,408,KP,PRK,1,Sovereign country,North Korea,PRK,Asia,Asia,Eastern Asia,East Asia & Pacific
Korea (the Republic of),South Korea,Republic of Korea,Korea,S.K.,"Korea, Rep.",ايروك ةيروهمج,大韩民国,Republic of Korea (the),République de Corée (la),Республика Корея,República de Corea (la),KOR,KR,KR,KOR,410,410,KR,KOR,1,Sovereign country,South Korea,KOR,Asia,Asia,Eastern Asia,East Asia & Pacific
Kuwait,Kuwait,State of Kuwait,Kuwait,Kwt.,Kuwait,تيوكلا,科威特,Kuwait,Koweït (le),Кувейт,Kuwait,KWT,KW,KW,KWT,414,414,KW,KWT,1,Sovereign country,Kuwait,KWT,Asia,Asia,Western Asia,Middle East & North Africa
Kyrgyzstan,Kyrgyzstan,Kyrgyz Republic,Kyrgyzstan,Kgz.,Kyrgyz Republic,ناتسزيغريق,吉尔吉斯斯坦,Kyrgyzstan,Kirghizistan (le),Кыргызстан,Kirguistán,KGZ,KG,KG,KGZ,417,417,KG,KGZ,1,Sovereign country,Kyrgyzstan,KGZ,Asia,Asia,Central Asia,Europe & Central Asia
Lao People's Democratic Republic (the),Laos,Lao People's Democratic Republic,Lao PDR,Laos,Lao PDR,ةيبعشلا ةيطارقميدلا وال ةيروهمج,老挝人民民主共和国,Lao People's Democratic Republic (the),République démocratique populaire lao (la),Лаосская Народно-Демократическая Республика,República Democrática Popular Lao (la),LAO,LA,LA,LAO,418,418,LA,LAO,1,Sovereign country,Laos,LAO,Asia,Asia,South-Eastern Asia,East Asia & Pacific
Latvia,Latvia,Republic of Latvia,Latvia,Lat.,Latvia,ايفتال,拉脱维亚,Latvia,Lettonie (la),Латвия,Letonia,LVA,LV,LV,LVA,428,428,LV,LVA,1,Sovereign country,Latvia,LVA,Europe,Europe,Northern Europe,Europe & Central Asia
Lebanon,Lebanon,Lebanese Republic,Lebanon,Leb.,Lebanon,نانبل,黎巴嫩,Lebanon,Liban (le),Ливан,Líbano (el),LBN,LB,LB,LBN,422,422,LB,LBN,1,Sovereign country,Lebanon,LBN,Asia,Asia,Western Asia,Middle East & North Africa
Lesotho,Lesotho,Kingdom of Lesotho,Lesotho,Les.,Lesotho,وتوسيل,莱索托,Lesotho,Lesotho (le),Лесото,Lesotho,LSO,LS,LS,LSO,426,426,LS,LSO,1,Sovereign country,Lesotho,LSO,Africa,Africa,Southern Africa,Sub-Saharan Africa
Liberia,Liberia,Republic of Liberia,Liberia,Liberia,Liberia,ايربيل,利比里亚,Liberia,Libéria (le),Либерия,Liberia,LBR,LR,LR,LBR,430,430,LR,LBR,1,Sovereign country,Liberia,LBR,Africa,Africa,Western Africa,Sub-Saharan Africa
Libya,Libya,Libya,Libya,Libya,Libya,ايبيل,利比亚,Libya,Libye,Ливия,Libia,LBY,LY,LY,LBY,434,434,LY,LBY,1,Sovereign country,Libya,LBY,Africa,Africa,Northern Africa,Middle East & North Africa
Liechtenstein,Liechtenstein,Principality of Liechtenstein,Liechtenstein,Liech.,Liechtenstein,نياتشنتخيل,列支敦士登,Liechtenstein,Liechtenstein (le),Лихтенштейн,Liechtenstein,LIE,FL,LI,LIE,438,438,LI,LIE,1,Sovereign country,Liechtenstein,LIE,Europe,Europe,Western Europe,Europe & Central Asia
Lithuania,Lithuania,Republic of Lithuania,Lithuania,Lith.,Lithuania,ايناوتيل,立陶宛,Lithuania,Lituanie (la),Литва,Lituania,LTU,LT,LT,LTU,440,440,LT,LTU,1,Sovereign country,Lithuania,LTU,Europe,Europe,Northern Europe,Europe & Central Asia
Luxembourg,Luxembourg,Grand Duchy of Luxembourg,Luxembourg,Lux.,Luxembourg,غربمسكل,卢森堡,Luxembourg,Luxembourg (le),Люксембург,Luxemburgo,LUX,L,LU,LUX,442,442,LU,LUX,1,Sovereign country,Luxembourg,LUX,Europe,Europe,Western Europe,Europe & Central Asia
Macao,Macao,"Macao Special Administrative Region, PRC",Macao,Mac.,"Macao SAR, China",,,,,,,MAC,MO,MO,MAC,446,446,MO,MAC,0,China SAR,China,CH1,Asia,Asia,Eastern Asia,East Asia & Pacific
Macedonia (the former Yugoslav Republic of),Macedonia,Former Yugoslav Republic of Macedonia,Macedonia,Mkd.,"Macedonia, FYR",ةقباسلا ةيفالسوغويلا اينودقم ةيروهمج,前南斯拉夫的马其顿共和国,The former Yugoslav Republic of Macedonia,ex-République yougoslave de Macédoine (l') [fém.],бывшая югославская Республика Македония,la ex República Yugoslava de Macedonia,MKD,MK,MK,MKD,807,807,MK,MKD,1,Sovereign country,Macedonia,MKD,Europe,Europe,Southern Europe,Europe & Central Asia
Madagascar,Madagascar,Republic of Madagascar,Madagascar,Mad.,Madagascar,رقشغدم,马达加斯加,Madagascar,Madagascar [fém.],Мадагаскар,Madagascar,MDG,MG,MG,MDG,450,450,MG,MDG,1,Sovereign country,Madagascar,MDG,Africa,Africa,Eastern Africa,Sub-Saharan Africa
Malawi,Malawi,Republic of Malawi,Malawi,Mal.,Malawi,يوالم,马拉维,Malawi,Malawi (le),Малави,Malawi,MWI,MW,MW,MWI,454,454,MW,MWI,1,Sovereign country,Malawi,MWI,Africa,Africa,Eastern Africa,Sub-Saharan Africa
Malaysia,Malaysia,Malaysia,Malaysia,Malay.,Malaysia,ايزيلام,马来西亚,Malaysia,Malaisie (la),Малайзия,Malasia,MYS,MY,MY,MYS,458,458,MY,MYS,1,Sovereign country,Malaysia,MYS,Asia,Asia,South-Eastern Asia,East Asia & Pacific
Maldives,Maldives,Republic of Maldives,Maldives,Mald.,Maldives,فيدلم,马尔代夫,Maldives,Maldives (les) [fém.],Мальдивские Острова,Maldivas,MDV,MV,MV,MDV,462,462,MV,MDV,1,Sovereign country,Maldives,MDV,Seven seas (open ocean),Asia,Southern Asia,South Asia
Mali,Mali,Republic of Mali,Mali,Mali,Mali,يلام,马里,Mali,Mali (le),Мали,Malí,MLI,ML,ML,MLI,466,466,ML,MLI,1,Sovereign country,Mali,MLI,Africa,Africa,Western Africa,Sub-Saharan Africa
Malta,Malta,Republic of Malta,Malta,Malta,Malta,ةطلام,马耳他,Malta,Malte [fém.],Мальта,Malta,MLT,M,MT,MLT,470,470,MT,MLT,1,Sovereign country,Malta,MLT,Europe,Europe,Southern Europe,Middle East & North Africa
Marshall Islands (the),Marshall Islands,Republic of the Marshall Islands,Marshall Is.,M. Is.,Marshall Islands,لاشرام رزج,马绍尔群岛,Marshall Islands (the),Îles Marshall (les),Маршалловы Острова,Islas Marshall (las),MHL,MH,MH,MHL,584,584,MH,MHL,1,Sovereign country,Marshall Islands,MHL,Oceania,Oceania,Micronesia,East Asia & Pacific
Mauritania,Mauritania,Islamic Republic of Mauritania,Mauritania,Mrt.,Mauritania,ايناتيروم,毛里塔尼亚,Mauritania,Mauritanie (la),Мавритания,Mauritania,MRT,MR,MR,MRT,478,478,MR,MRT,1,Sovereign country,Mauritania,MRT,Africa,Africa,Western Africa,Sub-Saharan Africa
Mauritius,Mauritius,Republic of Mauritius,Mauritius,Mus.,Mauritius,سويشيروم,毛里求斯,Mauritius,Maurice [fém.],Маврикий,Mauricio,MUS,MU,MU,MUS,480,480,MU,MUS,1,Sovereign country,Mauritius,MUS,Seven seas (open ocean),Africa,Eastern Africa,Sub-Saharan Africa
Mexico,Mexico,United Mexican States,Mexico,Mex.,Mexico,كيسكملا,墨西哥,Mexico,Mexique (le),Мексика,México,MEX,MX,MX,MEX,484,484,MX,MEX,1,Sovereign country,Mexico,MEX,North America,Americas,Central America,Latin America & Caribbean
Micronesia (the Federated States of),Federated States of Micronesia,Federated States of Micronesia,Micronesia,F.S.M.,"Micronesia, Federated States of",(ةدحوملا ــ تايالو( ايزينوركيم,密克罗尼西亚（联邦）,Micronesia (Federated States of),Micronésie (États fédérés de),Микронезия (Федеративные Штаты),Micronesia (Estados Federados de),FSM,FSM,FM,FSM,583,583,FM,FSM,1,Sovereign country,Federated States of Micronesia,FSM,Oceania,Oceania,Micronesia,East Asia & Pacific
Moldova (the Republic of),Moldova,Republic of Moldova,Moldova,Mda.,Moldova,افودلوم ةيروهمج,摩尔多瓦共和国,Republic of Moldova (the),République de Moldova (la),Республика Молдова,República de Moldova (la),MDA,MD,MD,MDA,498,498,MD,MDA,1,Sovereign country,Moldova,MDA,Europe,Europe,Eastern Europe,Europe & Central Asia
Monaco,Monaco,Principality of Monaco,Monaco,Mco.,Monaco,وكانوم,摩纳哥,Monaco,Monaco [masc.],Монако,Mónaco,MCO,MC,MC,MCO,492,492,MC,MCO,1,Sovereign country,Monaco,MCO,Europe,Europe,Western Europe,Europe & Central Asia
Mongolia,Mongolia,Mongolia,Mongolia,Mong.,Mongolia,ايلوغنم,蒙古,Mongolia,Mongolie (la),Монголия,Mongolia,MNG,MN,MN,MNG,496,496,MN,MNG,1,Sovereign country,Mongolia,MNG,Asia,Asia,Eastern Asia,East Asia & Pacific
Montenegro,Montenegro,Montenegro,Montenegro,Mont.,Montenegro,دوسألا لبجلا,黑山,Montenegro,Monténégro (le),Черногория,Montenegro,MNE,ME,ME,MNE,499,499,ME,MNE,1,Sovereign country,Montenegro,MNE,Europe,Europe,Southern Europe,Europe & Central Asia
Montserrat,Montserrat, ,Montserrat,Monts.,Montserrat,,,,,,,MSR,MS,MS,MSR,500,500,-99,-99,0,Dependency,United Kingdom,GB1,North America,Americas,Caribbean,Latin America & Caribbean
Morocco,Morocco,Kingdom of Morocco,Morocco,Mor.,Morocco,برغملا,摩洛哥,Morocco,Maroc (le),Марокко,Marruecos,MAR,MA,MA,MAR,504,504,MA,MAR,1,Sovereign country,Morocco,MAR,Africa,Africa,Northern Africa,Middle East & North Africa
Mozambique,Mozambique,Republic of Mozambique,Mozambique,Moz.,Mozambique,قيبمازوم,莫桑比克,Mozambique,Mozambique (le),Мозамбик,Mozambique,MOZ,MZ,MZ,MOZ,508,508,MZ,MOZ,1,Sovereign country,Mozambique,MOZ,Africa,Africa,Eastern Africa,Sub-Saharan Africa
Myanmar,Myanmar,Republic of the Union of Myanmar,Myanmar,Myan.,Myanmar,رامنايم,缅甸,Myanmar,Myanmar (le),Мьянма,Myanmar,MMR,MM,MM,MMR,104,104,MM,MMR,1,Sovereign country,Myanmar,MMR,Asia,Asia,South-Eastern Asia,East Asia & Pacific
Namibia,Namibia,Republic of Namibia,Namibia,Nam.,Namibia,ايبيمان,纳米比亚,Namibia,Namibie (la),Намибия,Namibia,NAM,NA,NA,NAM,516,516,NA,NAM,1,Sovereign country,Namibia,NAM,Africa,Africa,Southern Africa,Sub-Saharan Africa
Nauru,Nauru,Republic of Nauru,Nauru,Nauru,Nauru,وروان,瑙鲁,Nauru,Nauru [fém.],Науру,Nauru,NRU,NR,NR,NRU,520,520,-99,-99,1,Sovereign country,Nauru,NRU,Oceania,Oceania,Micronesia,East Asia & Pacific
Nepal,Nepal,Nepal,Nepal,Nepal,Nepal,لابين,尼泊尔,Nepal,Népal (le),Непал,Nepal,NPL,NP,NP,NPL,524,524,NP,NPL,1,Sovereign country,Nepal,NPL,Asia,Asia,Southern Asia,South Asia
Netherlands (the),Netherlands,Kingdom of the Netherlands,Netherlands,Neth.,Netherlands,ادنلوه,荷兰,Netherlands (the),Pays-Bas (les),Нидерланды,Países Bajos (los),NLD,NL,NL,NLD,528,528,NL,NLD,1,Sovereign country,Netherlands,NL1,Europe,Europe,Western Europe,Europe & Central Asia
New Caledonia,New Caledonia,New Caledonia,New Caledonia,New C.,New Caledonia,,,,,,,NCL,NC,NC,NCL,540,540,NC,NCL,0,Dependency,France,FR1,Oceania,Oceania,Melanesia,East Asia & Pacific
New Zealand,New Zealand,New Zealand,New Zealand,N.Z.,New Zealand,ادنليزوين,新西兰,New Zealand,Nouvelle-Zélande (la),Новая Зеландия,Nueva Zelandia,NZL,NZ,NZ,NZL,554,554,NZ,NZL,1,Sovereign country,New Zealand,NZ1,Oceania,Oceania,Australia and New Zealand,East Asia & Pacific
Nicaragua,Nicaragua,Republic of Nicaragua,Nicaragua,Nic.,Nicaragua,اوغاراكين,尼加拉瓜,Nicaragua,Nicaragua (le),Никарагуа,Nicaragua,NIC,NI,NI,NIC,558,558,NI,NIC,1,Sovereign country,Nicaragua,NIC,North America,Americas,Central America,Latin America & Caribbean
Niger (the),Niger,Republic of Niger,Niger,Niger,Niger,رجينلا,尼日尔,Niger (the),Niger (le),Нигер,Níger (el),NER,NE,NE,NER,562,562,NE,NER,1,Sovereign country,Niger,NER,Africa,Africa,Western Africa,Sub-Saharan Africa
Nigeria,Nigeria,Federal Republic of Nigeria,Nigeria,Nigeria,Nigeria,ايريجين,尼日利亚,Nigeria,Nigéria (le),Нигерия,Nigeria,NGA,NG,NG,NGA,566,566,NG,NGA,1,Sovereign country,Nigeria,NGA,Africa,Africa,Western Africa,Sub-Saharan Africa
Niue,Niue, ,Niue,Niue,Niue,,,,,,,NIU,NU,NU,NIU,570,570,-99,-99,0,Sovereign country,New Zealand,NZ1,Oceania,Oceania,Polynesia,East Asia & Pacific
Norfolk Island,Norfolk Island,Territory of Norfolk Island,Norfolk Island,Nfk. I.,Norfolk Island,,,,,,,NFK,NF,NF,NFK,574,574,-99,-99,0,Dependency,Australia,AU1,Oceania,Oceania,Australia and New Zealand,East Asia & Pacific
Northern Mariana Islands (the),Northern Mariana Islands,Commonwealth of the Northern Mariana Islands,N. Mariana Is.,N.M.I.,Northern Mariana Islands,,,,,,,MNP,MP,MP,MNP,580,580,MP,MNP,0,Dependency,United States of America,US1,Oceania,Oceania,Micronesia,East Asia & Pacific
Norway,Norway,Kingdom of Norway,Norway,Nor.,Norway,جيورنلا,挪威,Norway,Norvège (la),Норвегия,Noruega,NOR,N,NO,NOR,578,578,NO,NOR,1,Sovereign country,Norway,NOR,Europe,Europe,Northern Europe,Europe & Central Asia
Oman,Oman,Sultanate of Oman,Oman,Oman,Oman,نامع,阿曼,Oman,Oman (l') [masc.],Оман,Omán,OMN,OM,OM,OMN,512,512,OM,OMN,1,Sovereign country,Oman,OMN,Asia,Asia,Western Asia,Middle East & North Africa
Pakistan,Pakistan,Islamic Republic of Pakistan,Pakistan,Pak.,Pakistan,ناتسكاب,巴基斯坦,Pakistan,Pakistan (le),Пакистан,Pakistán (el),PAK,PK,PK,PAK,586,586,PK,PAK,1,Sovereign country,Pakistan,PAK,Asia,Asia,Southern Asia,South Asia
Palau,Palau,Republic of Palau,Palau,Palau,Palau,والاب,帕劳,Palau,Palaos (les),Палау,Palau,PLW,PW,PW,PLW,585,585,PW,PLW,1,Sovereign country,Palau,PLW,Oceania,Oceania,Micronesia,East Asia & Pacific
"Palestine, State of",Palestine,West Bank and Gaza,Palestine,Pal.,Palestine (West Bank and Gaza),,,,,,,PSX,PAL,PS,PSE,275,275,GZ,WBG,0,Country (Disputed),Palestine,PSX,Asia,Asia,Western Asia,Middle East & North Africa
Panama,Panama,Republic of Panama,Panama,Pan.,Panama,امنب,巴拿马,Panama,Panama (le),Панама,Panamá,PAN,PA,PA,PAN,591,591,PA,PAN,1,Sovereign country,Panama,PAN,North America,Americas,Central America,Latin America & Caribbean
Papua New Guinea,Papua New Guinea,Independent State of Papua New Guinea,Papua New Guinea,P.N.G.,Papua New Guinea,ةديدجلا اينيغ اوباب,巴布亚新几内亚,Papua New Guinea,Papouasie-Nouvelle-Guinée (la),Папуа-Новая Гвинея,Papua Nueva Guinea,PNG,PG,PG,PNG,598,598,PG,PNG,1,Sovereign country,Papua New Guinea,PNG,Oceania,Oceania,Melanesia,East Asia & Pacific
Paraguay,Paraguay,Republic of Paraguay,Paraguay,Para.,Paraguay,ياوغاراب,巴拉圭,Paraguay,Paraguay (le),Парагвай,Paraguay (el),PRY,PY,PY,PRY,600,600,PY,PRY,1,Sovereign country,Paraguay,PRY,South America,Americas,South America,Latin America & Caribbean
Peru,Peru,Republic of Peru,Peru,Peru,Peru,وريب,秘鲁,Peru,Pérou (le),Перу,Perú (el),PER,PE,PE,PER,604,604,PE,PER,1,Sovereign country,Peru,PER,South America,Americas,South America,Latin America & Caribbean
Philippines (the),Philippines,Republic of the Philippines,Philippines,Phil.,Philippines,نيبلفلا,菲律宾,Philippines (the),Philippines (les) [fém.],Филиппины,Filipinas,PHL,PH,PH,PHL,608,608,PH,PHL,1,Sovereign country,Philippines,PHL,Asia,Asia,South-Eastern Asia,East Asia & Pacific
Pitcairn,Pitcairn Islands,"Pitcairn, Henderson, Ducie and Oeno Islands",Pitcairn Is.,Pit. Is.,Pitcairn Islands,,,,,,,PCN,PN,PN,PCN,612,612,-99,-99,0,Dependency,United Kingdom,GB1,Oceania,Oceania,Polynesia,East Asia & Pacific
Poland,Poland,Republic of Poland,Poland,Pol.,Poland,ادنلوب,波兰,Poland,Pologne (la),Польша,Polonia,POL,PL,PL,POL,616,616,PL,POL,1,Sovereign country,Poland,POL,Europe,Europe,Eastern Europe,Europe & Central Asia
Portugal,Portugal,Portuguese Republic,Portugal,Port.,Portugal,لاغتربلا,葡萄牙,Portugal,Portugal (le),Португалия,Portugal,PRT,P,PT,PRT,620,620,PT,PRT,1,Sovereign country,Portugal,PRT,Europe,Europe,Southern Europe,Europe & Central Asia
Puerto Rico,Puerto Rico,Commonwealth of Puerto Rico,Puerto Rico,P.R.,Puerto Rico,,,,,,,PRI,PR,PR,PRI,630,630,PR,PRI,0,Dependency,United States of America,US1,North America,Americas,Caribbean,Latin America & Caribbean
Qatar,Qatar,State of Qatar,Qatar,Qatar,Qatar,رطق,卡塔尔,Qatar,Qatar (le),Катар,Qatar,QAT,QA,QA,QAT,634,634,QA,QAT,1,Sovereign country,Qatar,QAT,Asia,Asia,Western Asia,Middle East & North Africa
Romania,Romania,Romania,Romania,Rom.,Romania,اينامور,罗马尼亚,Romania,Roumanie (la),Румыния,Rumania,ROU,RO,RO,ROU,642,642,RO,ROM,1,Sovereign country,Romania,ROU,Europe,Europe,Eastern Europe,Europe & Central Asia
Russian Federation (the),Russia,Russian Federation,Russia,Rus.,Russian Federation,يسورلا داحتالا,俄罗斯联邦,Russian Federation (the),Fédération de Russie (la),Российская Федерация,Federación de Rusia (la),RUS,RUS,RU,RUS,643,643,RU,RUS,1,Sovereign country,Russia,RUS,Europe,Europe,Eastern Europe,Europe & Central Asia
Rwanda,Rwanda,Republic of Rwanda,Rwanda,Rwa.,Rwanda,ادناور,卢旺达,Rwanda,Rwanda (le),Руанда,Rwanda,RWA,RW,RW,RWA,646,646,RW,RWA,1,Sovereign country,Rwanda,RWA,Africa,Africa,Eastern Africa,Sub-Saharan Africa
Saint Barthélemy,Saint Barthelemy,Saint-Barthélemy,St-Barthélemy,St. B.,St-Barthélemy,,,,,,,BLM,BL,BL,BLM,652,652,-99,-99,0,Dependency,France,FR1,North America,Americas,Caribbean,Latin America & Caribbean
"Saint Helena, Ascension and Tristan da Cunha",Saint Helena, ,Saint Helena,St.H.,St. Helena,,,,,,,SHN,SH,SH,SHN,654,654,-99,-99,0,Dependency,United Kingdom,GB1,Seven seas (open ocean),Africa,Western Africa,Sub-Saharan Africa
Saint Kitts and Nevis,Saint Kitts and Nevis,Federation of Saint Kitts and Nevis,St. Kitts and Nevis,St.K.N.,St. Kitts and Nevis,سفينو ستيك تناس,圣基茨和尼维斯,Saint Kitts and Nevis,Saint-Kitts-et-Nevis [masc.],Сент-Китс и Невис,Saint Kitts y Nevis,KNA,KN,KN,KNA,659,659,KN,KNA,1,Sovereign country,Saint Kitts and Nevis,KNA,North America,Americas,Caribbean,Latin America & Caribbean
Saint Lucia,Saint Lucia,Saint Lucia,Saint Lucia,S.L.,St. Lucia,ايسول تناس,圣卢西亚,Saint Lucia,Sainte-Lucie [fém.],Сент-Люсия,Santa Lucía,LCA,LC,LC,LCA,662,662,LC,LCA,1,Sovereign country,Saint Lucia,LCA,North America,Americas,Caribbean,Latin America & Caribbean
Saint Martin (French part),Saint Martin,Saint-Martin (French part),St-Martin,St. M.,St. Martin (French part),,,,,,,MAF,MF,MF,MAF,663,663,MF,MAF,0,Dependency,France,FR1,North America,Americas,Caribbean,Latin America & Caribbean
Saint Pierre and Miquelon,Saint Pierre and Miquelon,Saint Pierre and Miquelon,St. Pierre and Miquelon,St. P.M.,St. Pierre and Miquelon,,,,,,,SPM,PM,PM,SPM,666,666,-99,-99,0,Dependency,France,FR1,North America,Americas,Northern America,North America
Saint Vincent and the Grenadines,Saint Vincent and the Grenadines,Saint Vincent and the Grenadines,St. Vin. and Gren.,St.V.G.,St. Vincent and the Grenadines,نيدانيرغ رزجو تنسنف تناس,圣文森特和格林纳丁斯,Saint Vincent and the Grenadines,Saint-Vincent-et-les Grenadines [fém.],Сент-Винсент и Гренадины,San Vicente y las Granadinas,VCT,VC,VC,VCT,670,670,VC,VCT,1,Sovereign country,Saint Vincent and the Grenadines,VCT,North America,Americas,Caribbean,Latin America & Caribbean
Samoa,Samoa,Independent State of Samoa,Samoa,Samoa,Samoa,اوماس,萨摩亚,Samoa,Samoa (le),Самоа,Samoa,WSM,WS,WS,WSM,882,882,WS,WSM,1,Sovereign country,Samoa,WSM,Oceania,Oceania,Polynesia,East Asia & Pacific
San Marino,San Marino,Republic of San Marino,San Marino,S.M.,San Marino,ونيرام ناس,圣马力诺,San Marino,Saint-Marin [masc.],Сан-Марино,San Marino,SMR,RSM,SM,SMR,674,674,SM,SMR,1,Sovereign country,San Marino,SMR,Europe,Europe,Southern Europe,Europe & Central Asia
Sao Tome and Principe,Sao Tome and Principe,Democratic Republic of São Tomé and Principe,São Tomé and Principe,S.T.P.,São Tomé and Principe,يبيسنيربو يموت ناس,圣多美和普林西比,Sao Tome and Principe,Sao Tomé-et-Principe [fém.],Сан-Томе и Принсипи,Santo Tomé y Príncipe,STP,ST,ST,STP,678,678,ST,STP,1,Sovereign country,Sao Tome and Principe,STP,Africa,Africa,Middle Africa,Sub-Saharan Africa
Saudi Arabia,Saudi Arabia,Kingdom of Saudi Arabia,Saudi Arabia,Saud.,Saudi Arabia,ةيدوعسلا ةيبرعلا ةكلمملا,沙特阿拉伯,Saudi Arabia,Arabie saoudite (l') [fém.],Саудовская Аравия,Arabia Saudita (la),SAU,SA,SA,SAU,682,682,SA,SAU,1,Sovereign country,Saudi Arabia,SAU,Asia,Asia,Western Asia,Middle East & North Africa
Senegal,Senegal,Republic of Senegal,Senegal,Sen.,Senegal,لاغنسلا,塞内加尔,Senegal,Sénégal (le),Сенегал,Senegal (el),SEN,SN,SN,SEN,686,686,SN,SEN,1,Sovereign country,Senegal,SEN,Africa,Africa,Western Africa,Sub-Saharan Africa
Serbia,Republic of Serbia,Republic of Serbia,Serbia,Serb.,Serbia,ايبرص,塞尔维亚,Serbia,Serbie (la),Сербия,Serbia,SRB,RS,RS,SRB,688,688,YF,SRB,1,Sovereign country,Republic of Serbia,SRB,Europe,Europe,Southern Europe,Europe & Central Asia
Seychelles,Seychelles,Republic of Seychelles,Seychelles,Syc.,Seychelles,ليشيس,塞舌尔,Seychelles,Seychelles (les) [fém.],Сейшельские Острова,Seychelles,SYC,SC,SC,SYC,690,690,SC,SYC,1,Sovereign country,Seychelles,SYC,Seven seas (open ocean),Africa,Eastern Africa,Sub-Saharan Africa
Sierra Leone,Sierra Leone,Republic of Sierra Leone,Sierra Leone,S.L.,Sierra Leone,نويلاريس,塞拉利昂,Sierra Leone,Sierra Leone (la),Сьерра-Леоне,Sierra Leona,SLE,SL,SL,SLE,694,694,SL,SLE,1,Sovereign country,Sierra Leone,SLE,Africa,Africa,Western Africa,Sub-Saharan Africa
Sikkim,Slovakia,Slovak Republic,Slovakia,Svk.,Slovak Republic,ايكافولس,斯洛伐克,Slovakia,Slovaquie (la),Словакия,Eslovaquia,SVK,SK,SK,SVK,703,703,SK,SVK,1,Sovereign country,Slovakia,SVK,Europe,Europe,Eastern Europe,Europe & Central Asia
Singapore,Singapore,Republic of Singapore,Singapore,Sing.,Singapore,ةروفاغنس,新加坡,Singapore,Singapour [fém.],Сингапур,Singapur,SGP,SG,SG,SGP,702,702,SG,SGP,1,Sovereign country,Singapore,SGP,Asia,Asia,South-Eastern Asia,East Asia & Pacific
Sint Maarten (Dutch part),Sint Maarten,Sint Maarten (Dutch part),Sint Maarten,St. M.,St. Maarten (Dutch part),,,,,,,SXM,SX,SX,SXM,534,534,SX,SXM,0,Country,Netherlands,NL1,North America,Americas,Caribbean,Latin America & Caribbean
Slovenia,Slovenia,Republic of Slovenia,Slovenia,Slo.,Slovenia,اينيفولس,斯洛文尼亚,Slovenia,Slovénie (la),Словения,Eslovenia,SVN,SLO,SI,SVN,705,705,SI,SVN,1,Sovereign country,Slovenia,SVN,Europe,Europe,Southern Europe,Europe & Central Asia
Solomon Islands (the),Solomon Islands, ,Solomon Is.,S. Is.,Solomon Islands,ناميلس رزج,所罗门群岛,Solomon Islands,Îles Salomon (les),Соломоновы Острова,Islas Salomón (las),SLB,SB,SB,SLB,90,90,SB,SLB,1,Sovereign country,Solomon Islands,SLB,Oceania,Oceania,Melanesia,East Asia & Pacific
Somalia,Somalia,Federal Republic of Somalia,Somalia,Som.,Somalia,لاموصلا,索马里,Somalia,Somalie (la),Сомали,Somalia,SOM,SO,SO,SOM,706,706,SO,SOM,1,Sovereign country,Somalia,SOM,Africa,Africa,Eastern Africa,Sub-Saharan Africa
South Africa,South Africa,Republic of South Africa,South Africa,S.Af.,South Africa,ايقيرفأ بونج,南非,South Africa,Afrique du Sud (l') [fém.],Южная Африка,Sudáfrica,ZAF,ZA,ZA,ZAF,710,710,ZA,ZAF,1,Sovereign country,South Africa,ZAF,Africa,Africa,Southern Africa,Sub-Saharan Africa
South Georgia and the South Sandwich Islands,South Georgia and South Sandwich Islands,South Georgia and South Sandwich Islands,S. Geo. and S. Sandw. Is.,S.G. S.S. Is.,South Georgia and the Islands,,,,,,,SGS,GS,GS,SGS,239,-99,-99,-99,0,Dependency,United Kingdom,GB1,Seven seas (open ocean),Seven seas (open ocean),Seven seas (open ocean),Antarctica
South Sudan ,South Sudan,Republic of South Sudan,S. Sudan,S. Sud.,South Sudan,نادوسلا بونج,南苏丹,South Sudan,Soudan du Sud (le),Южный Судан,Sudán del Sur,SDS,SS,SS,SSD,728,728,SS,SSD,1,Sovereign country,South Sudan,SDS,Africa,Africa,Eastern Africa,Sub-Saharan Africa
Spain,Spain,Kingdom of Spain,Spain,Sp.,Spain,اينابسأ,西班牙,Spain,Espagne (l') [fém.],Испания,España,ESP,E,ES,ESP,724,724,ES,ESP,1,Sovereign country,Spain,ESP,Europe,Europe,Southern Europe,Europe & Central Asia
Sri Lanka,Sri Lanka,Democratic Socialist Republic of Sri Lanka,Sri Lanka,Sri L.,Sri Lanka,اكنال يرس,斯里兰卡,Sri Lanka,Sri Lanka [fém.],Шри-Ланка,Sri Lanka,LKA,LK,LK,LKA,144,144,LK,LKA,1,Sovereign country,Sri Lanka,LKA,Asia,Asia,Southern Asia,South Asia
Sudan (the),Sudan,Republic of the Sudan,Sudan,Sudan,Sudan,نادوسلا,苏丹,Sudan (the),Soudan (le),Судан,Sudán (el),SDN,SD,SD,SDN,729,729,SD,SDN,1,Sovereign country,Sudan,SDN,Africa,Africa,Northern Africa,Sub-Saharan Africa
Suriname,Suriname,Republic of Suriname,Suriname,Sur.,Suriname,مانيروس,苏里南,Suriname,Suriname (le),Суринам,Suriname,SUR,SR,SR,SUR,740,740,SR,SUR,1,Sovereign country,Suriname,SUR,South America,Americas,South America,Latin America & Caribbean
Swaziland,Swaziland,Kingdom of Swaziland,Swaziland,Swz.,Swaziland,دنليزاوس,斯威士兰,Swaziland,Swaziland (le),Свазиленд,Swazilandia,SWZ,SW,SZ,SWZ,748,748,SZ,SWZ,1,Sovereign country,Swaziland,SWZ,Africa,Africa,Southern Africa,Sub-Saharan Africa
Sweden,Sweden,Kingdom of Sweden,Sweden,Swe.,Sweden,ديوسلا,瑞典,Sweden,Suède (la),Швеция,Suecia,SWE,S,SE,SWE,752,752,SE,SWE,1,Sovereign country,Sweden,SWE,Europe,Europe,Northern Europe,Europe & Central Asia
Switzerland,Switzerland,Swiss Confederation,Switzerland,Switz.,Switzerland,ارسيوس,瑞士,Switzerland,Suisse (la),Швейцария,Suiza,CHE,CH,CH,CHE,756,756,CH,CHE,1,Sovereign country,Switzerland,CHE,Europe,Europe,Western Europe,Europe & Central Asia
Syrian Arab Republic (the),Syria,Syrian Arab Republic,Syria,Syria,Syrian Arab Republic,ةيروسلا ةيبرعلا ةيروهمجلا,阿拉伯叙利亚共和国,Syrian Arab Republic (the),République arabe syrienne (la),Сирийская Арабская Республика,República Árabe Siria (la),SYR,SYR,SY,SYR,760,760,SY,SYR,1,Sovereign country,Syria,SYR,Asia,Asia,Western Asia,Middle East & North Africa
Taiwan (Province of China),Taiwan, ,Taiwan,Taiwan,Taiwan,,,,,,,TWN,TW,TW,TWN,158,-99,-99,-99,0,Sovereign country (Disputed),Taiwan,TWN,Asia,Asia,Eastern Asia,East Asia & Pacific
Tajikistan,Tajikistan,Republic of Tajikistan,Tajikistan,Tjk.,Tajikistan,ناتسكيجاط,塔吉克斯坦,Tajikistan,Tadjikistan (le),Таджикистан,Tayikistán,TJK,TJ,TJ,TJK,762,762,TJ,TJK,1,Sovereign country,Tajikistan,TJK,Asia,Asia,Central Asia,Europe & Central Asia
"Tanzania, United Republic of",United Republic of Tanzania,United Republic of Tanzania,Tanzania,Tanz.,Tanzania,ةدحتملا اينازنت ةيروهمج,坦桑尼亚联合共和国,United Republic of Tanzania (the),République-Unie de Tanzanie (la),Объединенная Республика Танзания,República Unida de Tanzanía (la),TZA,TZ,TZ,TZA,834,834,TZ,TZA,1,Sovereign country,United Republic of Tanzania,TZA,Africa,Africa,Eastern Africa,Sub-Saharan Africa
Thailand,Thailand,Kingdom of Thailand,Thailand,Thai.,Thailand,دنليات,泰国,Thailand,Thaïlande (la),Таиланд,Tailandia,THA,TH,TH,THA,764,764,TH,THA,1,Sovereign country,Thailand,THA,Asia,Asia,South-Eastern Asia,East Asia & Pacific
Timor-Leste,Timor-Leste,Democratic Republic of Timor-Leste,Timor-Leste,T.L.,Timor-Leste,يتشيل -روميت,东帝汶,Timor-Leste,Timor-Leste (le),Тимор-Лешти,Timor-Leste,TLS,TL,TL,TLS,626,626,TP,TMP,1,Sovereign country,Timor-Leste,TLS,Asia,Asia,South-Eastern Asia,East Asia & Pacific
Togo,Togo,Togolese Republic,Togo,Togo,Togo,وغوت,多哥,Togo,Togo (le),Того,Togo (el),TGO,TG,TG,TGO,768,768,TG,TGO,1,Sovereign country,Togo,TGO,Africa,Africa,Western Africa,Sub-Saharan Africa
Tonga,Tonga,Kingdom of Tonga,Tonga,Tongo,Tonga,اغنوت,汤加,Tonga,Tonga (les) [fém.],Тонга,Tonga,TON,TO,TO,TON,776,776,TO,TON,1,Sovereign country,Tonga,TON,Oceania,Oceania,Polynesia,East Asia & Pacific
Trinidad and Tobago,Trinidad and Tobago,Republic of Trinidad and Tobago,Trinidad and Tobago,Tr.T.,Trinidad and Tobago,وغابوتو دادينيرت,特立尼达和多巴哥,Trinidad and Tobago,Trinité-et-Tobago (la),Тринидад и Тобаго,Trinidad y Tabago,TTO,TT,TT,TTO,780,780,TT,TTO,1,Sovereign country,Trinidad and Tobago,TTO,North America,Americas,Caribbean,Latin America & Caribbean
Tunisia,Tunisia,Republic of Tunisia,Tunisia,Tun.,Tunisia,سنوت,突尼斯,Tunisia,Tunisie (la),Тунис,Túnez,TUN,TN,TN,TUN,788,788,TN,TUN,1,Sovereign country,Tunisia,TUN,Africa,Africa,Northern Africa,Middle East & North Africa
Turkey,Turkey,Republic of Turkey,Turkey,Tur.,Turkey,ايكرت,土耳其,Turkey,Turquie (la),Турция,Turquía,TUR,TR,TR,TUR,792,792,TR,TUR,1,Sovereign country,Turkey,TUR,Asia,Asia,Western Asia,Europe & Central Asia
Turkmenistan,Turkmenistan,Turkmenistan,Turkmenistan,Turkm.,Turkmenistan,ناتسنامكرت,土库曼斯坦,Turkmenistan,Turkménistan (le),Туркменистан,Turkmenistán,TKM,TM,TM,TKM,795,795,TM,TKM,1,Sovereign country,Turkmenistan,TKM,Asia,Asia,Central Asia,Europe & Central Asia
Turks and Caicos Islands (the),Turks and Caicos Islands,Turks and Caicos Islands,Turks and Caicos Is.,T.C. Is.,Turks and Caicos Islands,,,,,,,TCA,TC,TC,TCA,796,796,TC,TCA,0,Dependency,United Kingdom,GB1,North America,Americas,Caribbean,Latin America & Caribbean
Tuvalu,Tuvalu,Tuvalu,Tuvalu,Tuv.,Tuvalu,ولافوت,图瓦卢,Tuvalu,Tuvalu [masc.],Тувалу,Tuvalu,TUV,TV,TV,TUV,798,798,TV,TUV,1,Sovereign country,Tuvalu,TUV,Oceania,Oceania,Polynesia,East Asia & Pacific
Uganda,Uganda,Republic of Uganda,Uganda,Uga.,Uganda,ادنغوأ,乌干达,Uganda,Ouganda (l') [masc.],Уганда,Uganda,UGA,UG,UG,UGA,800,800,UG,UGA,1,Sovereign country,Uganda,UGA,Africa,Africa,Eastern Africa,Sub-Saharan Africa
Ukraine,Ukraine,Ukraine,Ukraine,Ukr.,Ukraine,ايناركوأ,乌克兰,Ukraine,Ukraine (l') [fém.],Украина,Ucrania,UKR,UA,UA,UKR,804,804,UA,UKR,1,Sovereign country,Ukraine,UKR,Europe,Europe,Eastern Europe,Europe & Central Asia
United Arab Emirates (the),United Arab Emirates,United Arab Emirates,United Arab Emirates,U.A.E.,United Arab Emirates,ةدحتملا ةيبرعلا تارامإلا,阿拉伯联合酋长国,United Arab Emirates (the),Émirats arabes unis (les),Объединенные Арабские Эмираты,Emiratos Árabes Unidos (los),ARE,AE,AE,ARE,784,784,AE,ARE,1,Sovereign country,United Arab Emirates,ARE,Asia,Asia,Western Asia,Middle East & North Africa
United Kingdom (the),United Kingdom,United Kingdom of Great Britain and Northern Ireland,United Kingdom,U.K.,United Kingdom,ةيلامشلا ادنلريآو ىمظعلا ايناطيربل ةدحتملا ةكلمملا,大不列颠及北爱尔兰联合王国,United Kingdom of Great Britain and Northern Ireland (the),Royaume-Uni de Grande-Bretagne et d'Irlande du Nord (le),Соединенное Королевство Великобритании и Северной Ирландии,el Reino Unido de Gran Bretaña e Irlanda del Norte (el),GBR,GB,GB,GBR,826,826,GB,GBR,1,Sovereign country,United Kingdom,GB1,Europe,Europe,Northern Europe,Europe & Central Asia
United States (the),United States of America,United States of America,United States,U.S.A.,United States of America,ةيكيرمألا ةدحتملا تايالولا,美利坚合众国,United States of America (the),États-Unis d'Amérique (les),Соединенные Штаты Америки,Estados Unidos de América (los),USA,US,US,USA,840,840,US,USA,1,Sovereign country,United States of America,US1,North America,Americas,Northern America,North America
United States Minor Outlying Islands (the),United States Minor Outlying Islands, ,U.S. Minor Outlying Is.,U.S. MOI,United States Minor Outlying Islands,,,,,,,UMI,UM,UM,UMI,581,-99,-99,-99,0,Dependency,United States of America,US1,North America,Seven seas (open ocean),Seven seas (open ocean),East Asia & Pacific
Uruguay,Uruguay,Oriental Republic of Uruguay,Uruguay,Ury.,Uruguay,ياوغوروأ,乌拉圭,Uruguay,Uruguay (l') [masc.],Уругвай,Uruguay (el),URY,UY,UY,URY,858,858,UY,URY,1,Sovereign country,Uruguay,URY,South America,Americas,South America,Latin America & Caribbean
Uzbekistan,Uzbekistan,Republic of Uzbekistan,Uzbekistan,Uzb.,Uzbekistan,ناتسكبزوأ,乌兹别克斯坦,Uzbekistan,Ouzbékistan (l') [masc.],Узбекистан,Uzbekistán,UZB,UZ,UZ,UZB,860,860,UZ,UZB,1,Sovereign country,Uzbekistan,UZB,Asia,Asia,Central Asia,Europe & Central Asia
Vanuatu,Vanuatu,Republic of Vanuatu,Vanuatu,Van.,Vanuatu,وتاوناف,瓦努阿图,Vanuatu,Vanuatu [masc],Вануату,Vanuatu,VUT,VU,VU,VUT,548,548,VU,VUT,1,Sovereign country,Vanuatu,VUT,Oceania,Oceania,Melanesia,East Asia & Pacific
"Venezuela, Bolivarian Republic of ",Venezuela,Bolivarian Republic of Venezuela,Venezuela,Ven.,"Venezuela, RB",)ةيرافيلوبلا - ةيروهمج( اليوزنف,委内瑞拉（玻利瓦尔共和国）,Venezuela (Bolivarian Republic of),Venezuela (République bolivarienne du),Венесуэла (Боливарианская Республика),Venezuela (República Bolivariana de),VEN,VE,VE,VEN,862,862,VE,VEN,1,Sovereign country,Venezuela,VEN,South America,Americas,South America,Latin America & Caribbean
Viet Nam,Vietnam,Socialist Republic of Vietnam,Vietnam,Viet.,Vietnam,مان تييف,越南,Viet Nam,Viet Nam (le),Вьетнам,Viet Nam,VNM,VN,VN,VNM,704,704,VN,VNM,1,Sovereign country,Vietnam,VNM,Asia,Asia,South-Eastern Asia,East Asia & Pacific
Virgin Islands (British),British Virgin Islands,British Virgin Islands,British Virgin Is.,V.I. (Br.),British Virgin Islands,,,,,,,VGB,VG,VG,VGB,92,92,-99,-99,0,Dependency,United Kingdom,GB1,North America,Americas,Caribbean,Latin America & Caribbean
Virgin Islands (U.S.),United States Virgin Islands,Virgin Islands of the United States,U.S. Virgin Is.,V.I. (U.S.),Virgin Islands (U.S.),,,,,,,VIR,VI,VI,VIR,850,850,VI,VIR,0,Dependency,United States of America,US1,North America,Americas,Caribbean,Latin America & Caribbean
Wallis and Futuna,Wallis and Futuna,Wallis and Futuna Islands,Wallis and Futuna Is.,Wlf.,Wallis and Futuna,,,,,,,WLF,WF,WF,WLF,876,876,-99,-99,0,Dependency,France,FR1,Oceania,Oceania,Polynesia,East Asia & Pacific
Western Sahara*,Western Sahara,Sahrawi Arab Democratic Republic,W. Sahara,W. Sah.,Western Sahara,,,,,,,SAH,WS,EH,ESH,732,732,-99,-99,1,Sovereign country (Disputed),Western Sahara,SAH,Africa,Africa,Northern Africa,Middle East & North Africa
Yemen,Yemen,Republic of Yemen,Yemen,Yem.,"Yemen, Rep.",نميلا,也门,Yemen,Yémen (le),Йемен,Yemen (el),YEM,YE,YE,YEM,887,887,RY,YEM,1,Sovereign country,Yemen,YEM,Asia,Asia,Western Asia,Middle East & North Africa
Zambia,Zambia,Republic of Zambia,Zambia,Zambia,Zambia,ايبماز,赞比亚,Zambia,Zambie (la),Замбия,Zambia,ZMB,ZM,ZM,ZMB,894,894,ZM,ZMB,1,Sovereign country,Zambia,ZMB,Africa,Africa,Eastern Africa,Sub-Saharan Africa
Zimbabwe,Zimbabwe,Republic of Zimbabwe,Zimbabwe,Zimb.,Zimbabwe,يوبابمز,津巴布韦,Zimbabwe,Zimbabwe (le),Зимбабве,Zimbabwe,ZWE,ZW,ZW,ZWE,716,716,ZW,ZWE,1,Sovereign country,Zimbabwe,ZWE,Africa,Africa,Eastern Africa,Sub-Saharan Africa
,Akrotiri Sovereign Base Area, ,Akrotiri,Akr.,Akrotiri Sovereign Base Area,,,,,,,WSB,AK,-99,-99,-99,-99,-99,-99,0,Dependency,United Kingdom,GB1,Asia,Asia,Western Asia,Europe & Central Asia
,Bajo Nuevo Bank (Petrel Is.), ,Bajo Nuevo Bank (Petrel Is.), ,Bajo Nuevo Bank (Petrel Is.),,,,,,,BJN, ,-99,-99,-99,-99,-99,-99,0,Indeterminate,Bajo Nuevo Bank (Petrel Is.),BJN,North America,Americas,Caribbean,Latin America & Caribbean
,Clipperton Island, ,Clipperton I.,Clp. I.,Clipperton Island,,,,,,,CLP,CI,-99,-99,-99,-99,-99,-99,0,Dependency,France,FR1,Seven seas (open ocean),Americas,Central America,Latin America & Caribbean
,Coral Sea Islands,Coral Sea Islands Territory,Coral Sea Is.,C.S.I.,Coral Sea Islands,,,,,,,CSI,CS,-99,-99,-99,-99,-99,-99,0,Dependency,Australia,AU1,Oceania,Oceania,Australia and New Zealand,East Asia & Pacific
,Dhekelia Sovereign Base Area, ,Dhekelia,Dhek.,Dhekelia Soverign Base Area,,,,,,,ESB,DH,-99,-99,-99,-99,-99,-99,0,Dependency,United Kingdom,GB1,Asia,Asia,Western Asia,Europe & Central Asia
,Indian Ocean Territories, ,Indian Ocean Ter.,Ind. Oc. Ter.,Indian Ocean Territories,,,,,,,IOA,IOT,-99,-99,-99,-99,-99,-99,0,Dependency,Australia,AU1,Asia,Seven seas (open ocean),Seven seas (open ocean),East Asia & Pacific
,Kosovo,Republic of Kosovo,Kosovo,Kos.,Kosovo,,,,,,,KOS,KO,-99,-99,-99,-99,KV,KSV,0,Sovereign country (Disputed),Kosovo,KOS,Europe,Europe,Southern Europe,Europe & Central Asia
,Scarborough Reef, ,Scarborough Reef,S.R., ,,,,,,,SCR,SR,-99,-99,-99,-99,-99,-99,0,Indeterminate,Scarborough Reef,SCR,Asia,Asia,South-Eastern Asia,East Asia & Pacific
,Serranilla Bank, ,Serranilla Bank,S.B.,Serranilla Bank,,,,,,,SER,SB,-99,-99,-99,-99,-99,-99,0,Indeterminate,Serranilla Bank,SER,North America,Americas,Caribbean,Latin America & Caribbean
,Siachen Glacier, ,Siachen Glacier,Siachen,Kashmir,,,,,,,KAS,SG,-99,-99,-99,-99,-99,-99,0,Indeterminate,Kashmir,KAS,Asia,Asia,Southern Asia,South Asia
,Spratly Islands, ,Spratly Is.,Spratly Is.,Spratly Islands,,,,,,,PGA,SP,-99,-99,-99,-99,-99,-99,0,Indeterminate,Spratly Islands,PGA,Asia,Asia,South-Eastern Asia,East Asia & Pacific
